"id","l10n_uy_form","l10n_uy_code","name","l10n_uy_imprubro","l10n_uy_description","country_id/id","l10n_uy_retention"
"tax_group_1144_131",1144,131,"Retención mensual PF ",2,"Retención mensual PF ","base.uy",
"tax_group_1144_132",1144,132,"Ajuste anual PF ",2,"Ajuste anual PF ","base.uy",
"tax_group_1144_133",1144,133,"Retención complementaria ",2,"Retención complementaria ","base.uy",
"tax_group_1144_134",1144,134,"AFAP - Retención mensual ",2,"AFAP - Retención mensual ","base.uy",
"tax_group_1144_135",1144,135,"Retención correspondientes a Ej. anteriores ",2,"Retención Ej. anteriores ","base.uy",
"tax_group_1144_136",1144,136,"Ajuste de retenciones declarados por error ",2,"Aj. Ret. declaradas por error ","base.uy",
"tax_group_1144_137",1144,137,"Retención mensual NF ",2,"Retención mensual NF ","base.uy",
"tax_group_1144_138",1144,138,"Ajuste anual NF ",2,"Ajuste anual NF ","base.uy",
"tax_group_1144_139",1144,139,"FONASA - Retención mensual ",2,"FONASA - Retención mensual ","base.uy",
"tax_group_1144_201",1144,201,"Crédito Responsable Sustituto ",2,"Crédito Resp. Sustituto ","base.uy",
"tax_group_1144_331",1144,331,"Ingresos comprendidos ",3,"Ingresos gravados ","base.uy",
"tax_group_1144_332",1144,332,"Crédito por retenciones en exceso ",3,"Créditos por ret. en exceso ","base.uy",
"tax_group_1144_333",1144,333,"Importes no retenidos ",3,"Importes no retenidos ","base.uy",
"tax_group_1144_334",1144,334,"AFAP - Reintegros por aportes en exceso ",3,"AFAP Reint. aportes exceso ","base.uy",
"tax_group_1144_335",1144,335,"Ingresos correspondientes a Ej. anteriores ",3,"Ing. Ej. Anteriores ","base.uy",
"tax_group_1144_337",1144,337,"Ingresos por Aguinaldo ",3,"Ingresos por Aguinaldo ","base.uy",
"tax_group_1144_338",1144,338,"Ingresos por Salario Vacacional ",3,"Ingresos Salario Vacacional ","base.uy",
"tax_group_1144_339",1144,339,"FONASA - Reintegros por aportes en exceso ",2,"FONASA -Reint. aportes exceso ","base.uy",
"tax_group_1144_731",1144,731,"Deducciones declaradas por el contribuyente ",4,"Deducciones dec.por el contrib","base.uy",
"tax_group_1144_732",1144,732,"Deducciones declaradas por el responsable sust. ",4,"Deducciones dec.por resp.sust.","base.uy",
"tax_group_1144_735",1144,735,"Deducciones correspondientes a Ej. Anteriores ",4,"Deducciones Ej. Anteriores ","base.uy",
"tax_group_1145_141",1145,141,"Retención mensual ",2,"Retención mensual ","base.uy",
"tax_group_1145_142",1145,142,"Ajuste anual ",2,"Ajuste anual ","base.uy",
"tax_group_1145_143",1145,143,"Retención complementaria ",2,"Retención complementaria ","base.uy",
"tax_group_1145_145",1145,145,"Retención corresp. a ej. anteriores ",2,"Ret. ej. anteriores ","base.uy",
"tax_group_1145_201",1145,201,"Crédito Responsable Sustituto ",2,"Credito Resp. Sustituto ","base.uy",
"tax_group_1145_341",1145,341,"Ingresos comprendidos ",3,"Ingresos gravados ","base.uy",
"tax_group_1145_342",1145,342,"Crédito por retenciones en exceso ",3,"Créditos por ret. en exceso ","base.uy",
"tax_group_1145_343",1145,343,"Importes no retenidos ",3,"Importes no retenidos ","base.uy",
"tax_group_1145_345",1145,345,"Ingresos correspondientes a ej. anteriores ",3,"Ing. ej. anteriores ","base.uy",
"tax_group_1145_741",1145,741,"Deducciones declaradas por el contribuyente ",4,"Deducciones dec.por el contrib","base.uy",
"tax_group_1145_742",1145,742,"Deducciones declaradas por el responsable sust. ",4,"Deducciones dec.por resp.sust.","base.uy",
"tax_group_1146_40",1146,40,"Deduccion Div./Uil. Fictos pagados/acreditados ",2,"Ded. Div./Uil.Fictos pag/acred","base.uy",
"tax_group_1146_51",1146,51,"Ret. s/int. de depósitos m/n y UI a más de 1 año ",2,"Ret. s/int.m/n/UI más de 1 año","base.uy",
"tax_group_1146_52",1146,52,"Ret. s/int. de depósitos m/n a 1 año o menos ",2,"Ret.s/int. m/n a 1 año o menos","base.uy",
"tax_group_1146_53",1146,53,"Ret. s/int. de obl y otros títulos a más de 3 años",2,"Ret.s/int. oblig. a más 3 años","base.uy",
"tax_group_1146_54",1146,54,"Ret. s/restantes rentas financieras ",2,"Ret. s/rest. rentas financiera","base.uy",
"tax_group_1146_61",1146,61,"Ret. s/rentas vitalicias, seguros y similar ",2,"Ret.s/rtas.vitalicias,seguros,","base.uy",
"tax_group_1146_62",1146,62,"Ret. s/restantes rentas de capital mobiliario ",2,"Ret.s/rest. rtas.cap. mobilia.","base.uy",
"tax_group_1146_63",1146,63,"Ret. s/dividendos y utilidades pagadas ",2,"Ret. s/dividendos y utilidades","base.uy",
"tax_group_1146_64",1146,64,"Ret. s/der. federativos, de imagen y sim dep. ",2,"Ret. s/der. fed.y sim. deport.","base.uy",
"tax_group_1146_65",1146,65,"Retenciones sobre derechos de autor ",2,"Retenciones s/derechos autor ","base.uy",
"tax_group_1146_66",1146,66,"Ret.s/div.y util. de rend. prov. Entidades No Res.",2,"Ret.s/div.y util. Ent. No Res.","base.uy",
"tax_group_1146_67",1146,67,"Ret.s/rend. cap.mob. proveniente Entidades No Res.",2,"Ret.s/rend.cap.mob.Ent.No Res.","base.uy",
"tax_group_1146_81",1146,81,"Ret. por inc. patrimoniales s/bs. muebles adq. rem",2,"Ret.inc.patr.bs.muebles remate","base.uy",
"tax_group_1146_85",1146,85,"Ret. inc. patri. s/premios juegos azar y carreras ",2,"Ret.inc.patr. s/prem.jueg.azar","base.uy",
"tax_group_1146_136",1146,136,"Ret. s/rentas de trabajadores independiente ",2,"Ret. s/rentas trab.indep. ","base.uy",
"tax_group_1146_153",1146,153,"Ret. s/rend de obl y otros títulos a más de 3 años",2,"Ret.s/int. oblig. a más 3 años","base.uy",
"tax_group_1146_154",1146,154,"Ret. s/restantes rentas financieras ",2,"Ret. s/rest. rentas financiera","base.uy",
"tax_group_1146_161",1146,161,"Ret. s/rentas vitalicias, seguros y similares ",2,"Ret.s/rtas.vitalicias,seguros,","base.uy",
"tax_group_1146_162",1146,162,"Ret. s/restantes rentas de capital mobiliario ",2,"Ret. s/rest. rtas.cap.mobiliar","base.uy",
"tax_group_1146_163",1146,163,"Ret. s/dividendos y utilidades pagadas ",2,"Ret. s/dividendos y utilidades","base.uy",
"tax_group_1146_164",1146,164,"Ret. s/der. federativos, de imagen y sim dep. ",2,"Ret. s/der. fed.y sim. deport.","base.uy",
"tax_group_1146_165",1146,165,"Retenciones sobre derechos de autor ",2,"Retenciones s/derechos autor ","base.uy",
"tax_group_1146_166",1146,166,"Ret.s/div.y util. de rend. prov. Entidades No Res.",2,"Ret.s/div.y util. Ent. No Res ","base.uy",
"tax_group_1146_167",1146,167,"Ret.s/rend. cap.mob. proveniente Entidades No Res.",2,"Ret.s/rend.cap.mob.Ent.No Res.","base.uy",
"tax_group_1146_171",1146,171,"Ret. s/arrend y otras rentas de capital inmobiliar",2,"Ret. s/arrendamientos y sim. ","base.uy",
"tax_group_1146_172",1146,172,"Ret. s/arrend realizada por otro agente ",2,"Ret. s/arrend por otro agente ","base.uy",
"tax_group_1146_175",1146,175,"Ret. s/arrend. realiz. a la Entidad Adminstradora ",2,"Ret. s/arrend.a Ent.Administra","base.uy",
"tax_group_1146_176",1146,176,"Ret. s/arrendendamientos a Turistas ",2,"Ret. s/arrend. a Turistas ","base.uy",
"tax_group_1146_181",1146,181,"Ret. por inc. patrimoniales s/bs. muebles adq. rem",2,"Ret.inc.patr.bs.muebles remate","base.uy",
"tax_group_1146_185",1146,185,"Ret. inc. patri. s/premios juegos azar y carreras ",2,"Ret.inc.patr. s/prem.jueg.azar","base.uy",
"tax_group_1146_336",1146,336,"Rentas de trabajo independiente ",3,"Ret. s/rentas trab.indep. ","base.uy",
"tax_group_1146_350",1146,350,"Créditos Hipotecarios - Monto total del prestamo ",3,"Créd.Hip.- Monto Tot. prestamo","base.uy",
"tax_group_1146_351",1146,351,"Créditos Hipotecarios - Monto pagado en el período",3,"Créd.Hip.-Monto pagado período","base.uy",
"tax_group_1146_352",1146,352,"Créditos Hipotecarios - Año otorgamiento prestamo ",3,"Créd.Hip.- Año otorga. presta ","base.uy",
"tax_group_1146_361",1146,361,"Ingresos por rentas vitalicias, seguros y similare",3,"Ingresos rtas.vitalicias y seg","base.uy",
"tax_group_1146_371",1146,371,"Arrendamientos y sim.- con retención ",3,"Arrend. y sim.- con retención ","base.uy",
"tax_group_1146_372",1146,372,"Arrendamientos y sim.- retención por otro agente ",3,"Arrend.- retención otro agente","base.uy",
"tax_group_1146_373",1146,373,"Arrend. Contrib. Exonerados Lit.J,Art34,Dec.148/07",3,"Arrend. Contrib. Exonerados ","base.uy",
"tax_group_1146_374",1146,374,"CGN - Arrendamientos no retenidos ",3,"CGN - Arrendam. no retenidos ","base.uy",
"tax_group_1146_377",1146,377,"Arrend. Exonerado- Art.12,Dec.355/011- Viv. Social",3,"Arrend.Exonerado- Viv. Social ","base.uy",
"tax_group_1146_381",1146,381,"Arrendamientos a turistas - con retencion ",3,"Arrend. a turistas c/retencion","base.uy",
"tax_group_1146_383",1146,383,"Arrendamientos a turistas - exonerados ",3,"Arrend. a turistas -exonerados","base.uy",
"tax_group_1146_386",1146,386,"Arrendamientos a turistas - restantes ",3,"Arrend. a turistas - restantes","base.uy",
"tax_group_1146_388",1146,388,"Pagos conjuntos (gastos comunes, consumos, otros) ",3,"Pago conjunto- g.comunes-cons.","base.uy",
"tax_group_1246_31",1246,31,"Ret. s/rentas de trabajadores dependientes ",2,"Ret. s/rentas trab.dependiente","base.uy",
"tax_group_1246_36",1246,36,"Ret. s/rentas de trabajadores independientes ",2,"Ret. s/rentas trab.indep. ","base.uy",
"tax_group_1246_37",1246,37,"Ret. s/rentas trab. Indep.- Conv. Doble Impos. ",2,"Ret. s/rentas trab.indep. -CDI","base.uy",
"tax_group_1246_41",1246,41,"Ret. s/pasividades ",2,"Ret. s/pasividades ","base.uy",
"tax_group_1246_51",1246,51,"Ret. s/int. de depósitos m/n y UI a más de un año ",2,"Ret. s/int.m/n/UI más de 1 año","base.uy",
"tax_group_1246_52",1246,52,"Ret. s/int. de depósitos m/n a 1 año o menos ",2,"Ret. s/int. m/n a 1 año o meno","base.uy",
"tax_group_1246_53",1246,53,"Ret. s/int. de obl y otros títulos a más de 3 años",2,"Ret. s/int. oblig. más de 3 añ","base.uy",
"tax_group_1246_54",1246,54,"Ret. s/restantes rentas financieras ",2,"Ret. s/rest. rentas financiera","base.uy",
"tax_group_1246_55",1246,55,"Ret. s/intereses - Conv. Doble Imposi. ",2,"Ret. s/ intereses -CDI ","base.uy",
"tax_group_1246_61",1246,61,"Ret. s/rentas vitalicias. seguros y similares ",2,"Ret.s/rtas.vitalicias,seguros,","base.uy",
"tax_group_1246_62",1246,62,"Ret. s/restantes rentas de capital mobiliario ",2,"Ret. s/rest. rtas.cap.mobiliar","base.uy",
"tax_group_1246_63",1246,63,"Ret. s/dividendos y utilidades pagadas ",2,"Ret. s/dividendos y utilidades","base.uy",
"tax_group_1246_64",1246,64,"Ret. s/der federativos, de imagen y sim de dep. ",2,"Ret. s/der. y sim deportistas ","base.uy",
"tax_group_1246_65",1246,65,"Ret. s/divid. y utilid. pagadas-Conv. Doble Impos.",2,"Ret.s/divid.y util.pagadas-CDI","base.uy",
"tax_group_1246_66",1246,66,"Ret.s/der fede, imag, sim de dep.-Conv Doble Impo.",2,"Ret.s/der fed.imag.sim.dep-CDI","base.uy",
"tax_group_1246_67",1246,67,"Ret. s/ganan. de capital mobilia.-Conv Doble Impo.",2,"Ret.s/gan. de capital mob.-CDI","base.uy",
"tax_group_1246_71",1246,71,"Ret. s/arrend y otras rentas de capital inmobiliar",2,"Ret. s/arrendamientos y sim. ","base.uy",
"tax_group_1246_72",1246,72,"Ret. s/arrend realizada por otro agente ",2,"Ret. s/arrend por otro agente ","base.uy",
"tax_group_1246_76",1246,76,"Ret. sobre arrendamientos a turistas ",2,"Ret. s/arrend. a turistas ","base.uy",
"tax_group_1246_81",1246,81,"Ret. por inc. patrimoniales s/bs. muebles adq. rem",2,"Ret.inc.patr.bs.muebles remate","base.uy",
"tax_group_1246_82",1246,82,"Ret. por otros inc. patrim. según Dto. 155/008 ",2,"Ret. inc. patrim. Dto. 155/008","base.uy",
"tax_group_1246_91",1246,91,"Ret. s/rentas de act. empresariales y asimiladas ",2,"Ret. s/rentas act.empresariale","base.uy",
"tax_group_1246_92",1246,92,"Ret. s/rentas de act. empresariales internacional ",2,"Ret. s/rentas act. internacion","base.uy",
"tax_group_1246_93",1246,93,"Ret. s/ rentas de act. empresar.-Conv Doble Impos.",2,"Ret.s/rentas act. empres. -CDI","base.uy",
"tax_group_1246_131",1246,131,"Ret. s/rentas de trabajadores dependientes ",2,"Ret. s/rentas trab.dependiente","base.uy",
"tax_group_1246_136",1246,136,"Ret. s/rentas de trabajadores independientes ",2,"Ret. s/rentas trab.indep. ","base.uy",
"tax_group_1246_137",1246,137,"Ret. s/rentas trabajo Independ.-Conv. Doble Impos.",2,"Ret. s/rentas trab.indep.-CDI ","base.uy",
"tax_group_1246_141",1246,141,"Ret. s/pasividades ",2,"Ret. s/pasividades ","base.uy",
"tax_group_1246_153",1246,153,"Ret. s/int. de obl y otros títulos a mas de 3 años",2,"Ret. s/int. de obl y otros tit","base.uy",
"tax_group_1246_154",1246,154,"Ret. s/restantes rentas financieras ",2,"Ret. s/rest. rentas financiera","base.uy",
"tax_group_1246_155",1246,155,"Ret.s/intereses - Conv. Doble Imposi. ",2,"Ret.s/intereses - CDI ","base.uy",
"tax_group_1246_161",1246,161,"Ret. s/rentas vitalicias. seguros y similares ",2,"Ret.s/rtas.vitalicias,seguros,","base.uy",
"tax_group_1246_162",1246,162,"Ret. s/restantes rentas de capital mobiliario ",2,"Ret. s/rest. rtas.cap.mobiliar","base.uy",
"tax_group_1246_163",1246,163,"Ret. s/dividendos y utilidades pagadas ",2,"Ret. s/dividendos y utilidades","base.uy",
"tax_group_1246_164",1246,164,"Ret. s/der federativos, de imagen y sim de dep. ",2,"Ret. s/der. y sim deportistas ","base.uy",
"tax_group_1246_165",1246,165,"Ret. s/divid. y utilid. pagadas-Conv. Doble Impos.",2,"Ret.s/divid.y util.pagadas-CDI","base.uy",
"tax_group_1246_166",1246,166,"Ret.s/der fede, imag, sim de dep.-Conv Doble Impo.",2,"Ret.s/der fed.imag.sim.dep-CDI","base.uy",
"tax_group_1246_167",1246,167,"Ret. s/ganan. de capital mobilia.-Conv Doble Impo.",2,"Ret.s/gan. de capital mob.-CDI","base.uy",
"tax_group_1246_171",1246,171,"Ret. s/arrend y otras rentas de capital inmobiliar",2,"Ret. s/arrendamientos y sim. ","base.uy",
"tax_group_1246_172",1246,172,"Ret. s/arrend realizada por otro agente ",2,"Ret. s/arrend por otro agente ","base.uy",
"tax_group_1246_175",1246,175,"Ret. s/arrend. realiz. a la Entidad Adminstradora ",2,"Ret. s/arrend.a Ent.Administra","base.uy",
"tax_group_1246_176",1246,176,"Ret. s/arrendendamientos a Turistas ",2,"Ret. s/arrend a Turistas ","base.uy",
"tax_group_1246_181",1246,181,"Ret. por inc. patrimoniales s/bs. muebles adq. rem",2,"Ret.inc.patr.bs.muebles remate","base.uy",
"tax_group_1246_182",1246,182,"Ret. por otros inc. patrim. según Dto. 155/008 ",2,"Ret. inc. patrim. Dto. 155/008","base.uy",
"tax_group_1246_191",1246,191,"Ret. s/rentas de act. empresariales y asimiladas ",2,"Ret. s/rentas act.empresariale","base.uy",
"tax_group_1246_192",1246,192,"Ret. s/rentas de act. empresariales internacional ",2,"Ret. s/rentas act. internacion","base.uy",
"tax_group_1246_193",1246,193,"Ret. s/ rentas de act. empresar.-Conv Doble Impos.",2,"Ret.s/rentas act. empres. -CDI","base.uy",
"tax_group_1246_337",1246,337,"Ingr. por rentas trabajo Indep.- Conv Doble Impos.",3,"Ingr.rentas trabajo Indep.-CDI","base.uy",
"tax_group_1246_355",1246,355,"Ingresos por intereses - Conv. Doble Impos. ",3,"Ingresos por intereses - CDI ","base.uy",
"tax_group_1246_361",1246,361,"Ingresos por rentas vitalicias, seguros y similare",3,"Ingresos rtas.vitalicias y seg","base.uy",
"tax_group_1246_365",1246,365,"Ingr. por divid. y utilid pagadas-Conv Doble Impos",3,"Ingr.divid.y util.pagadas-CDI ","base.uy",
"tax_group_1246_366",1246,366,"Ingr. por der fede, imag, sim de dep-Conv Dob Imp.",3,"Ingr.der fed.imag.sim.dep-CDI ","base.uy",
"tax_group_1246_367",1246,367,"Ingr. por ganan. de capit mobilia-Conv Doble Impo.",3,"Ingr.gan.capital mobiliar.-CDI","base.uy",
"tax_group_1246_371",1246,371,"Arrendamientos y sim.- con retención ",3,"Arrend. y sim.- con retención ","base.uy",
"tax_group_1246_372",1246,372,"Arrendamientos y sim. - retención por otro agente ",3,"Arrend.- retención otro agent","base.uy",
"tax_group_1246_374",1246,374,"CGN - Arrendamientos no retenidos ",3,"CGN - Arrendam. no retenidos ","base.uy",
"tax_group_1246_377",1246,377,"Arrend. Exonerado- Art.12,Dec.355/011- Viv. Social",3,"Arrend.Exonerado- Viv. Social ","base.uy",
"tax_group_1246_381",1246,381,"Arrendamientos a turistas - con retencion ",3,"Arrend. a turistas c/retencion","base.uy",
"tax_group_1246_393",1246,393,"Ingr. por rentas de act. empresa.-Conv Doble Impos",3,"Ingr.rentas de act.empres-CDI ","base.uy",
"tax_group_2104_41",2104,41,"Dinero, monedas y metales preciosos ",2,"Dinero, monedas,metales prec. ","base.uy",
"tax_group_2104_42",2104,42,"Deudores y Cuentas a Cobrar ",2,"Deudores y Cuentas a Cobrar ","base.uy",
"tax_group_2104_44",2104,44,"Valor Patrimonial de Obligaciones Nominativas ",2,"Valor Pat. Oblig. Nominativas ","base.uy",
"tax_group_2104_46",2104,46,"Vehiculos de Transporte Terrestre/Maritimo/Aereo ",2,"Veh. Transp. Terr/Marit/Aereo ","base.uy",
"tax_group_2104_49",2104,49,"Otros Activos ",2,"Otros Activos ","base.uy",
"tax_group_2104_50",2104,50,"Ajuar-Corresponde Si(1), No(2), Otra Base Calc.(3)",2,"Ajuar-Si,No, Otra Base Calc. ","base.uy",
"tax_group_2104_51",2104,51,"Ajuar-Importe por avaluo(Otra Base de Calculo) ",2,"Ajuar-Importe por avaluo ","base.uy",
"tax_group_2104_52",2104,52,"Ajuar-Titulos de Ahorro u otros al port.suj.a ret.",2,"Ajuar-Titulos de Ahorro u otro","base.uy",
"tax_group_2104_53",2104,53,"Ajuar-Oblig.nominativas que coticen en bolsa ",2,"Ajuar-Obligaciones nominativas","base.uy",
"tax_group_2104_54",2104,54,"Ajuar-Oblig.al portador coticen o no en bolsa ",2,"Ajuar-Obligaciones al portador","base.uy",
"tax_group_2104_55",2104,55,"Ajuar-Depositos en instituciones bancarias ",2,"Ajuar-Dep. en inst. bancarias ","base.uy",
"tax_group_2104_56",2104,56,"Ajuar-Saldo de precios de imp.en M/E de pers.ext. ",2,"Ajuar-Saldo de precios de imp.","base.uy",
"tax_group_2104_57",2104,57,"Ajuar-Saldo de prest.y dep.en M/E de pers.ext. ",2,"Ajuar-Saldo prest.y dep.ext. ","base.uy",
"tax_group_2104_58",2104,58,"Ajuar-Inmuebles declarados monumentos historicos ",2,"Ajuar-Inm.declarados mon.his ","base.uy",
"tax_group_2104_59",2104,59,"Ajuar-Certificados de valor oro ",2,"Ajuar-Certif.de valor oro ","base.uy",
"tax_group_2104_61",2104,61,"Total Activo en el Exterior ",2,"Total Activo en el Exterior ","base.uy",
"tax_group_2104_62",2104,62,"Total Activo No computable ",2,"Total Activo No computable ","base.uy",
"tax_group_2104_70",2104,70,"Total Pasivo admitido en el pais ",2,"Total Pasivo admitido ","base.uy",
"tax_group_2104_90",2104,90,"Impuesto Retenido ",2,"Impuesto Retenido ","base.uy",
"tax_group_2104_91",2104,91,"Anticipos Impuesto al Patrimonio ",2,"Anticipos Imp.al Patrimonio ","base.uy",
"tax_group_2104_301",2104,301,"Inmuebles urbanos y suburbanos ",3,"Inmuebles urbanos y suburbanos","base.uy",
"tax_group_2104_302",2104,302,"Inmuebles rurales no afectados a explot.agropec. ",3,"Inm.rurales no explot.agrop. ","base.uy",
"tax_group_2104_303",2104,303,"Patrimonio Comercial y/o Industrial ",3,"Patrimonio Comercial y/o Ind. ","base.uy",
"tax_group_2104_401",2104,401,"Minimo no Imponible del Sujeto Pasivo ",4,"Minimo no Imp.del Suj.Pasivo ","base.uy",
"tax_group_2104_402",2104,402,"Pasivo Computable ",4,"Pasivo Computable ","base.uy",
"tax_group_2104_403",2104,403,"Monto Imponible para el calculo del Ajuar ",4,"Monto Imp.p/Calc.del Ajuar ","base.uy",
"tax_group_2104_404",2104,404,"Ajuar ",4,"Ajuar ","base.uy",
"tax_group_2104_405",2104,405,"Monto Imponible del Impuesto al Patrimonio ",4,"Monto Imp.del Imp.al Patrim. ","base.uy",
"tax_group_2104_406",2104,406,"Impuesto al Patrimonio ",4,"Impuesto al Patrimonio ","base.uy",
"tax_group_2104_407",2104,407,"Saldo o Credito ",4,"Saldo o Credito ","base.uy",
"tax_group_2142_11",2142,11,"Ag.Ret.-Adicional MEVIR Plaza (Cod.574) ",2,"Ag.Ret.-Adicional MEVIR Plaza ","base.uy",
"tax_group_2142_12",2142,12,"Ag.Ret.-Adicional INIA Plaza (Cod.576) ",2,"Ag.Ret.-Adicional INIA Plaza ","base.uy",
"tax_group_2142_21",2142,21,"Ag.Ret.-Adicional MEVIR Exportacion (Cod.584) ",2,"Ag.Ret.-Adicional MEVIR Exp. ","base.uy",
"tax_group_2142_22",2142,22,"Ag.Ret.-Adicional INIA Exportacion (Cod.586) ",2,"Ag.Ret.-Adicional INIA Exp. ","base.uy",
"tax_group_2142_30",2142,30,"Contrib.-IMEBA Plaza (Cod.573) ",2,"Contrib.-IMEBA Plaza ","base.uy",
"tax_group_2142_31",2142,31,"Contrib.-Adicional MEVIR Plaza (Cod.575) ",2,"Contrib.-Adicional MEVIR Plaza","base.uy",
"tax_group_2142_32",2142,32,"Contrib.-Adicional INIA Plaza (Cod.577) ",2,"Contrib.-Adicional INIA Plaza ","base.uy",
"tax_group_2142_40",2142,40,"Contrib.-IMEBA Exportacion (Cod.583) ",2,"Contrib.-IMEBA Exp. ","base.uy",
"tax_group_2142_41",2142,41,"Contrib.-Adicional MEVIR Exportacion (Cod.585) ",2,"Contrib.-Adicional MEVIR Exp. ","base.uy",
"tax_group_2142_42",2142,42,"Contrib.-Adicional INIA Exportacion (Cod.587) ",2,"Contrib.-Adicional INIA Exp. ","base.uy",
"tax_group_2142_50",2142,50,"Deduc.- Ant. IMEBA en la Import. (Cod.563) ",2,"Deduc. -Ant. IMEBA Imp. ","base.uy",
"tax_group_2142_51",2142,51,"Deduc.- Ant. Adic. MEVIR en la Import. (Cod.565) ",2,"Deduc.- Ant. Adic. MEVIR Imp. ","base.uy",
"tax_group_2142_52",2142,52,"Deduc.- Ant. Adic. INIA en la Import. (Cod.567) ",2,"Deduc.- Ant. Adic. INIA Imp. ","base.uy",
"tax_group_2142_56",2142,56,"Deduc.- Exc. IMEBA Import. del trimestre anterior ",2,"Deduc.-Exc.IMEBA Imp. Trim ant","base.uy",
"tax_group_2142_57",2142,57,"IMEBA Import. que pasa al próximo trimestre ",2,"IMEBA Imp. pasa próx. trim. ","base.uy",
"tax_group_2142_58",2142,58,"Cred. IMEBA import. que solicita en CC ",2,"Cred. IMEBA imp. que sol. CC ","base.uy",
"tax_group_2142_110",2142,110,"Ag.Ret.-IMEBA Plaza-Lanas (Cod.572) ",3,"Ag.Ret.-IMEBA Pza-Lanas ","base.uy",
"tax_group_2142_111",2142,111,"Ag.Ret.-IMEBA Plaza-Cueros (Cod.572) ",3,"Ag.Ret.-IMEBA Plaza-Cueros ","base.uy",
"tax_group_2142_112",2142,112,"Ag.Ret.-IMEBA Plaza-Ganado Bovino (Cod.572) ",3,"Ag.Ret.-IMEBA Plaza-Bovino ","base.uy",
"tax_group_2142_113",2142,113,"Ag.Ret.-IMEBA Plaza-Ganado Ovino (Cod.572) ",3,"Ag.Ret.-IMEBA Plaza-Ovino ","base.uy",
"tax_group_2142_114",2142,114,"Ag.Ret.-IMEBA Plaza-Ganado Suino (Cod.572) ",3,"Ag.Ret.-IMEBA Plaza-Suino ","base.uy",
"tax_group_2142_115",2142,115,"Ag.Ret.-IMEBA Plaza-Cereales y Oleagin. (Cod.572) ",3,"Ag.Ret.-IMEBA Pza-Cereal/Ol. ","base.uy",
"tax_group_2142_116",2142,116,"Ag.Ret.-IMEBA Plaza-Leche (Cod.572) ",3,"Ag.Ret.-IMEBA Plaza-Leche ","base.uy",
"tax_group_2142_117",2142,117,"Ag.Ret.-IMEBA Plaza-Prod. de Avicultura (Cod.572) ",3,"Ag.Ret.-IMEBA Pza-Prod.Avic. ","base.uy",
"tax_group_2142_118",2142,118,"Ag.Ret.-IMEBA Plaza-Prod. de Apicultura (Cod.572) ",3,"Ag.Ret.-IMEBA Pza-Prod.Apic. ","base.uy",
"tax_group_2142_119",2142,119,"Ag.Ret-IMEBA Plaza-Prod. de Cunicultura (Cod.572) ",3,"Ag.Ret-IMEBA Pza-Prod.Cunic. ","base.uy",
"tax_group_2142_120",2142,120,"Ag.Ret-IMEBA Plaza-Flores y Semillas. (Cod.572) ",3,"Ag.Ret.-IMEBAPza-Flores/Sem ","base.uy",
"tax_group_2142_121",2142,121,"Ag.Ret.-IMEBA Plaza-Hortic. y Frutic. (Cod.572) ",3,"Ag.Ret-IMEBA Pza-Horti./Fruti.","base.uy",
"tax_group_2142_122",2142,122,"Ag.Ret.-IMEBA Plaza-Citrus (Cod.572) ",3,"Ag.Ret.-IMEBA Plaza-Citrus ","base.uy",
"tax_group_2142_123",2142,123,"Ag.Ret.-IMEBA Plaza-Ranicultura (Cod.572) ",3,"Ag.Ret.-IMEBA Plaza-Ranas ","base.uy",
"tax_group_2142_124",2142,124,"Ag.Ret.-IMEBA Plaza-Helicicultura (Cod.572) ",3,"Ag.Ret.-IMEBA Plaza-Helici. ","base.uy",
"tax_group_2142_125",2142,125,"Ag.Ret.-IMEBA Plaza-Cría de Nandú (Cod.572) ",3,"Ag.Ret.-IMEBA Pza-Cría Ñandú ","base.uy",
"tax_group_2142_126",2142,126,"Ag.Ret.-IMEBA Plaza-Cría de Nutrias (Cod.572) ",3,"Ag.Ret.-IMEBA Pza-Cría Nutri ","base.uy",
"tax_group_2142_127",2142,127,"Ag.Ret.-IMEBA Plaza-Prod. origen forestal(Cod.572)",3,"Ag.Ret.-IMEBA Pza.Forestal ","base.uy",
"tax_group_2142_128",2142,128,"Ag.Ret.-IMEBA Plaza-Restantes prod. agrop.(C.572) ",3,"Ag.Ret.-IMEBA Pza.Prod.agrop. ","base.uy",
"tax_group_2142_129",2142,129,"Ag. Ret.-IMEBA Plaza-Caña de azúcar (Cód.572) ",3,"Ag. Ret. IMEBA Plaza-C.azúcar ","base.uy",
"tax_group_2142_210",2142,210,"Ag.Ret.-IMEBA Exp.-Lanas (Cod.582) ",3,"Ag.Ret.-IMEBA Exp.-Lanas ","base.uy",
"tax_group_2142_211",2142,211,"Ag.Ret.-IMEBA Exp.-Cueros (Cod.582) ",3,"Ag.Ret.-IMEBA Exp.-Cueros ","base.uy",
"tax_group_2142_212",2142,212,"Ag.Ret.-IMEBA Exp.-Ganado Bovino (Cod.582) ",3,"Ag.Ret.-IMEBA Exp.-Bovino ","base.uy",
"tax_group_2142_213",2142,213,"Ag.Ret.-IMEBA Exp.-Ganado Ovino (Cod.582) ",3,"Ag.Ret.-IMEBA Plaza-Ovino ","base.uy",
"tax_group_2142_214",2142,214,"Ag.Ret.-IMEBA Exp.-Ganado Suino (Cod.582) ",3,"Ag.Ret.-IMEBA Plaza-Suino ","base.uy",
"tax_group_2142_215",2142,215,"Ag.Ret.-IMEBA Exp.-Cereales y Oleag. (Cod.582) ",3,"Ag.Ret-IMEBA Exp-Cereal/Olea. ","base.uy",
"tax_group_2142_216",2142,216,"Ag.Ret.-IMEBA Exp.-Leche (Cod.582) ",3,"Ag.Ret.-IMEBA Exp-Leche ","base.uy",
"tax_group_2142_217",2142,217,"Ag.Ret-IMEBA Exp.-Prod. de Avicultura (Cod.582) ",3,"Ag.Ret-IMEBA Exp-Prod.Avicul ","base.uy",
"tax_group_2142_218",2142,218,"Ag.Ret-IMEBA Exp.-Prod. de Apicultura (Cod.582) ",3,"Ag.Ret-IMEBA Exp-Prod.Apicul ","base.uy",
"tax_group_2142_219",2142,219,"Ag.Ret-IMEBA Exp.-Prod. de Cunicultura (Cod.582) ",3,"Ag.Ret-IMEBA Exp-Prod.Cunic ","base.uy",
"tax_group_2142_220",2142,220,"Ag.Ret-IMEBA Exp.-Flores y Semillas. (Cod.582) ",3,"Ag.Ret-IMEBA Exp-Flores/Sem. ","base.uy",
"tax_group_2142_221",2142,221,"Ag.Ret-IMEBA Exp.-Horticultura y Frutic. (Cod.582)",3,"Ag.Ret-IMEBA Exp-Hort./Frutic.","base.uy",
"tax_group_2142_222",2142,222,"Ag.Ret-IMEBA Exp.-Citrus (Cod.582) ",3,"Ag.Ret.-IMEBA Exp-Citrus ","base.uy",
"tax_group_2142_223",2142,223,"Ag.Ret.-IMEBA Exp.-Ranicultura (Cod.582) ",3,"Ag.Ret.-IMEBA Exp-Ranicult. ","base.uy",
"tax_group_2142_224",2142,224,"Ag.Ret.-IMEBA Exp.-Helicicultura (Cod.582) ",3,"Ag.Ret.-IMEBA Exp-Helici. ","base.uy",
"tax_group_2142_225",2142,225,"Ag.Ret.-IMEBA Exp.-Cría de Nandú (Cod.582) ",3,"Ag.Ret.-IMEBA Exp-Cría Ñandú ","base.uy",
"tax_group_2142_226",2142,226,"Ag.Ret.-IMEBA Exp-Cría de Nutrias (Cod.582) ",3,"Ag.Ret.-IMEBA Exp-Cría Nutrias","base.uy",
"tax_group_2142_227",2142,227,"Ag.Ret.-IMEBA Exp.-Prod. origen forestal (Cod.582)",3,"Ag.Ret.-IMEBA Exp.Forestal ","base.uy",
"tax_group_2142_228",2142,228,"Ag.Ret.-IMEBA Exp-Restantes prod. agrop. (Cod.582)",3,"Ag.Ret.-IMEBA Exp.Prod.agrop. ","base.uy",
"tax_group_2142_229",2142,229,"Ag. Ret.- IMEBA Exp-Caña de azúcar (Cód. 582) ",3,"Ag.Ret.-IMEBA Exp-Caña azúcar ","base.uy",
"tax_group_2181_1",2181,1,"IVA Compras de Importacion ",2,"IVA Compras de Importacion ","base.uy",
"tax_group_2181_2",2181,2,"IVA Retenido Personas Exterior ",2,"IVA Retenido Personas Exterior","base.uy",
"tax_group_2181_3",2181,3,"IVA Autoconsumo ",2,"IVA Autoconsumo ","base.uy",
"tax_group_2181_10",2181,10,"Compras plaza a territorio no franco ",2,"Comp. plaza a terri. no franco","base.uy",
"tax_group_2181_11",2181,11,"Compras plaza a usuarios Zona Franca ",2,"Compras plaza a U. Zona Franca","base.uy",
"tax_group_2181_13",2181,13,"IVA compras combustible ",2,"IVA compras combustible ","base.uy",
"tax_group_2181_14",2181,14,"Compras de bienes al exterior ",2,"Compras de bienes al exterior ","base.uy",
"tax_group_2181_15",2181,15,"Compras de servicios al exterior ",2,"Compras de servic. al exterior","base.uy",
"tax_group_2181_20",2181,20,"Ventas plaza a territorio no franco ",2,"Vtas. plaza a terri. no franco","base.uy",
"tax_group_2181_21",2181,21,"Ventas plaza a zona franca (Usuarios y Otros) ",2,"Ventas plaza a zona franca ","base.uy",
"tax_group_2181_24",2181,24,"Ventas de bienes al exterior ",2,"Ventas de bienes al exterior ","base.uy",
"tax_group_2181_25",2181,25,"Ventas de servicios al exterior ",2,"Ventas de servic. al exterior ","base.uy",
"tax_group_2181_31",2181,31,"Faena de aves-Pago a cta. Percepciones 1º 10 dias ",2,"Faena de aves-Pago cta.1ºPerc.","base.uy",
"tax_group_2181_33",2181,33,"Faena de aves-Pago a cta. percepciones 2º 10 dias ",2,"Faena de aves-Pago Cta.2ºPerc.","base.uy",
"tax_group_2181_35",2181,35,"Faena de aves-Pago a cta. percepciones 3º 10 dias ",2,"Faena de aves-Pago Cta.3ºPerc.","base.uy",
"tax_group_2181_40",2181,40,"Reducción del IVA - Decreto Nº 203/014 ",2,"Reducción IVA- Dec. Nº 203/014","base.uy",
"tax_group_2181_45",2181,45,"IRAE - Saldo ajuste por inflacion ",2,"IRAE- Saldo ajuste x inflacion","base.uy",
"tax_group_2181_47",2181,47,"Software- Monto Neto Tot. Oper. Nº12 Res.10403/018",2,"Software- Monto Neto Tot Oper.","base.uy",
"tax_group_2181_50",2181,50,"CFE - Infraestructura - Equip. Central- Prov. Ext.",2,"CFE-Infra-Equip.Cent-Prov.Ext.","base.uy",
"tax_group_2181_51",2181,51,"CFE - Infraestructura - Equip. Depart.- Prov. Ext.",2,"CFE-Infra-Equip.Dep.-Prov.Ext.","base.uy",
"tax_group_2181_52",2181,52,"CFE-Infra.- Equipos de puntos de venta- Prov. Ext.",2,"CFE-Infra-Eq.pto.venta-Prov.Ex","base.uy",
"tax_group_2181_53",2181,53,"CFE - Infraestructura - Red LAN - Prov. Ext. ",2,"CFE-Infra. Red LAN- Prov. Ext.","base.uy",
"tax_group_2181_54",2181,54,"CFE - Infraestructura - Red WAN - Prov. Ext. ",2,"CFE-Infra. Red WAN- Prov. Ext.","base.uy",
"tax_group_2181_55",2181,55,"CFE - Infraest.- Equipos de Seguridad - Prov. Ext.",2,"CFE-Infra.Equip.Segu-Prov.Ext.","base.uy",
"tax_group_2181_56",2181,56,"CFE - Infraest. - Equip. Auxiliar - Prov. Ext. ",2,"CFE-Infra.Equip.Aux.-Prov.Ext.","base.uy",
"tax_group_2181_57",2181,57,"CFE - Infraest.- Otros elementos neces.- Prov. Ext",2,"CFE-Infra.Otros elem.Prov.Ext.","base.uy",
"tax_group_2181_58",2181,58,"CFE - Software - Software de Base - Prov. Ext. ",2,"CFE-Software de Base-Prov.Ext.","base.uy",
"tax_group_2181_59",2181,59,"CFE - Software - Aplicativos propios ",2,"CFE- Software - Aplic. propios","base.uy",
"tax_group_2181_60",2181,60,"CFE - Software - Aplicativos de terc. - Prov. Ext.",2,"CFE- Software 3º - Prov. Ext. ","base.uy",
"tax_group_2181_61",2181,61,"CFE - Software - Aplic. terc. - SAAS - Prov. Ext. ",2,"CFE- Soft 3º- SAAS - Prov.Ext.","base.uy",
"tax_group_2181_81",2181,81,"IVA Contribuyente - 5 de Oro ",2,"IVA Contribuyente - 5 de Oro ","base.uy",
"tax_group_2181_82",2181,82,"IVA Contribuyente - Tómbola ",2,"IVA Contribuyente - Tómbola ","base.uy",
"tax_group_2181_83",2181,83,"IVA Contribuyente - Quiniela ",2,"IVA Contribuyente - Quiniela ","base.uy",
"tax_group_2181_84",2181,84,"IVA Contribuyente - Quiniela Instantánea ",2,"IVA Contribuy. -Quiniela Inst.","base.uy",
"tax_group_2181_85",2181,85,"IVA Contribuyente - Kini ",2,"IVA Contribuyente - Kini ","base.uy",
"tax_group_2181_86",2181,86,"IVA Contribuyente - Supermatch ",2,"IVA Contribuyente - Supermatch","base.uy",
"tax_group_2181_90",2181,90,"Venta por cuenta ajena - Tasa básica ",2,"Venta cta. ajena - Tasa básica","base.uy",
"tax_group_2181_91",2181,91,"Venta por cuenta ajena - Tasa mínima ",2,"Venta cta. ajena - Tasa mínima","base.uy",
"tax_group_2181_92",2181,92,"Venta por cuenta ajena - No gravada ",2,"Venta cta. ajena - No gravada ","base.uy",
"tax_group_2181_93",2181,93,"Venta por cuenta ajena - con IVA en suspenso ",2,"Venta cta. ajena -IVA suspenso","base.uy",
"tax_group_2181_94",2181,94,"Venta por cuenta ajena - con Impuesto percibido ",2,"Venta cta. ajena -Imp. percib.","base.uy",
"tax_group_2181_95",2181,95,"Venta por cuenta ajena - Asimilada a exportación ",2,"Venta cta. ajena-Asim. Export.","base.uy",
"tax_group_2181_350",2181,350,"CFE - Infraestructura - Equipamiento Central ",3,"CFE-Infraest.- Equip. Central ","base.uy",
"tax_group_2181_351",2181,351,"CFE - Infraestructura - Equipamiento Departamental",3,"CFE-Infraest. Equip. Depart. ","base.uy",
"tax_group_2181_352",2181,352,"CFE - Infraestructura - Equipos de puntos de venta",3,"CFE-Infraest. Equip.ptos.venta","base.uy",
"tax_group_2181_353",2181,353,"CFE - Infraestructura - Red LAN ",3,"CFE-Infraest. - Red LAN ","base.uy",
"tax_group_2181_354",2181,354,"CFE - Infraestructura - Red WAN ",3,"CFE-Infraest. - Red WAN ","base.uy",
"tax_group_2181_355",2181,355,"CFE - Infraestructura - Equipos de Seguridad ",3,"CFE-Infraest.- Equipos Segur. ","base.uy",
"tax_group_2181_356",2181,356,"CFE - Infraestructura - Equipamiento Auxiliar ",3,"CFE-Infraest.- Equip. Auxiliar","base.uy",
"tax_group_2181_357",2181,357,"CFE - Infraestructura - Otros elementos necesarios",3,"CFE-Infraest. -Otos elem. nec.","base.uy",
"tax_group_2181_358",2181,358,"CFE - Software - Software de Base ",3,"CFE-Software- Software de Base","base.uy",
"tax_group_2181_359",2181,359,"CFE - Software - Aplicativos de terceros ",3,"CFE-Software - Aplic. de 3º. ","base.uy",
"tax_group_2181_360",2181,360,"CFE - Software - Aplicativos de terceros - SAAS ",3,"CFE- Software- Aplic. 3º- SAAS","base.uy",
"tax_group_2181_401",2181,401,"IVA Compras de Proveedores ",3,"IVA Compras de Proveedores ","base.uy",
"tax_group_2181_402",2181,402,"Retenciones y/o Percep. Deducidas IVA-OTT ",3,"Ret.-Perc.Ded.IVA-OTT ","base.uy",
"tax_group_2181_403",2181,403,"Retenciones y/o Percep. Deducidas IRAE- IMP. PAT. ",3,"Ret.-Perc. Deducidas RAE-IPAT ","base.uy",
"tax_group_2181_405",2181,405,"Retenciones y/o Percep. Deducidas IMEBA ",3,"Ret y/o Percep Deducidas IMEBA","base.uy",
"tax_group_2181_406",2181,406,"Retenciones y/o Percep. Deducidas IRPF ",3,"Ret y/o Percep Deducidas IRPF ","base.uy",
"tax_group_2181_409",2181,409,"Créditos Deducidos ",3,"Créditos Deducidos ","base.uy",
"tax_group_2181_410",2181,410,"Reducción Alícuota Ley 17934(5 puntos)- Reg. Gral.",3,"Red.Ley 17934- 5 pts- Reg.Gral","base.uy",
"tax_group_2181_411",2181,411,"Reducción Alícuota Art.5 Dec.288/012 ",3,"Reduc. Alíc. Art.5 Dec.288/012","base.uy",
"tax_group_2181_412",2181,412,"Créd. Arrendamiento Terminales Art.12 Dec.288/012 ",3,"Créd.Arren.T Art.12 Dec.288/12","base.uy",
"tax_group_2181_413",2181,413,"Reducción total IVA Turistas no Res. - Reg. Gral. ",3,"Reduc.IVA Tur. no Res- R.Gral.","base.uy",
"tax_group_2181_414",2181,414,"Crédito Arrendamiento a Turistas no Residentes ",3,"Créd.Arrend. Turist. no Resid.","base.uy",
"tax_group_2181_415",2181,415,"Reducción del IVA - ART.10 DEC. 203/014 ",3,"Reduc.IVA- Art.10 Dec. 203/014","base.uy",
"tax_group_2181_416",2181,416,"Crédito Proveedor Software Hab.- Art.4 Dec.206/019",3,"Créd.Prov.Soft. Art.4,D.206/19","base.uy",
"tax_group_2181_417",2181,417,"Reducción Alícuota Ley 17934(9 puntos)- Reg. Gral.",3,"Red. Ley 17934 9 ptos Reg.Gral","base.uy",
"tax_group_2181_420",2181,420,"Reducción Alícuota Ley 17934(5 puntos)- IVA Mínimo",3,"Red. Alíc. Ley 17934- IVA Mín.","base.uy",
"tax_group_2181_421",2181,421,"Reducción Alícuota Art.6 Dec.288/012 ",3,"Reduc. Alíc. Art.6 Dec.288/012","base.uy",
"tax_group_2181_422",2181,422,"Créd. Arrendamiento Terminales Art.13 Dec.288/012 ",3,"Créd.Arren.T Art.13 Dec.288/12","base.uy",
"tax_group_2181_423",2181,423,"Reducción total IVA Turistas no Res. - IVA Mínimo ",3,"Reduc.IVA Tur. no Res-IVA Min.","base.uy",
"tax_group_2181_425",2181,425,"Reducción del IVA - Art.13 Dec. 203/014 ",3,"Reduc.IVA- Art.10 Dec. 203/014","base.uy",
"tax_group_2181_426",2181,426,"Crédito Proveedor Software Hab. Art.5 Dec.206/019 ",3,"Créd.Prov.Soft. Art.5,D.206/19","base.uy",
"tax_group_2181_427",2181,427,"Reducción Alícuota Ley 17934(9 puntos)- IVA Mínimo",3,"Red.Ley 17934 9 pts.- IVA Mín.","base.uy",
"tax_group_2181_440",2181,440,"Imputación de Div./Util. Fictos a Contrib. IRAE ",3,"Imput. Div./Util.Ficto IRAE ","base.uy",
"tax_group_2181_450",2181,450,"IVA - Importación de Explosivos ",3,"IVA- Importación de Explosivos","base.uy",
"tax_group_2181_451",2181,451,"Anticipo IVA - Importación de Explosivos ",3,"Anti. IVA - Import. Explosivos","base.uy",
"tax_group_2181_460",2181,460,"Reduccion IMESI - Decreto 398/007 ",3,"Reduccion IMESI - Dec. 398/007","base.uy",
"tax_group_2181_470",2181,470,"Dividendos y Util. Fictos - Inversion Intangibles ",3,"Div.-Util. Fictos- Inv.Intang.","base.uy",
"tax_group_2181_480",2181,480,"Créd. productor agrop. - imp. enaj. semovientes ",3,"Créd. prod. agrop.- Semov. ","base.uy",
"tax_group_2181_481",2181,481,"Créd. Suspendido prod. agrop.- imp. semov. L.19878",3,"Créd.Suspend. prod.agro.-Semov","base.uy",
"tax_group_2181_490",2181,490,"Monto Gravado COVID-19, Entidades Art.14 D.133/020",3,"Monto Gravado COVID-19 D133/20","base.uy",
"tax_group_2181_501",2181,501,"Ventas Plaza a No Contribuyentes ",3,"Ventas Plaza a No Contribuy. ","base.uy",
"tax_group_vat_22",2181,502,"IVA Ventas 22%",3,"IVA Ventas Tasa Básica a Contribuyentes","base.uy",
"tax_group_vat_10",2181,503,"IVA Ventas 10%",3,"IVA Ventas Tasa Mínima a Contribuyentes","base.uy",
"tax_group_2181_504",2181,504,"IVA Compras Exento",3,"Compras Plaza Exentas de IVA ","base.uy",
"tax_group_2181_505",2181,505,"IVA Compras 22%",3,"IVA Compras Plaza Tasa Basica","base.uy",
"tax_group_2181_506",2181,506,"IVA Compras 10%",3,"IVA Compras Plaza Tasa Minima","base.uy",
"tax_group_2181_509",2181,509,"IVA Ventas - Bancos",3,"IVA Ventas - Bancos ","base.uy",
"tax_group_2181_510",2181,510,"Monotributo - Ventas tarjetas de crédito ",3,"Monotributo-Vtas tarj. crédito","base.uy",
"tax_group_2181_511",2181,511,"Proveedores de servicios de depósito - Dto 331/09 ",3,"Prov. de serv. dep. Dto 331/09","base.uy",
"tax_group_2181_512",2181,512,"Proveedores de servicio de frío - Dto. 331/009 ",3,"Prov. serv. frío - Dto.331/009","base.uy",
"tax_group_2181_513",2181,513,"Compras a Cont. Monotributo(Res.549/11-Dec.220/12)",3,"Compras a Cont. Monotributo ","base.uy",
"tax_group_2181_514",2181,514,"Gastos Publicidad - Art.42 Bis Decreto 150/007 ",3,"Gtos.Publicidad D.150/07-A.42B","base.uy",
"tax_group_2181_520",2181,520,"Ventas APPS Transporte (Nº1º Res. 1810/2017) ",3,"Ventas APPS Transporte ","base.uy",
"tax_group_2181_530",2181,530,"IVA ventas de GASOIL ",3,"IVA ventas GASOIL ","base.uy",
"tax_group_2181_547",2181,547,"Software- Monto Neto Tot. Oper. Nº12 Res.10403/018",3,"Software- Monto Neto Tot Oper.","base.uy",
"tax_group_2181_552",2181,552,"IVA Vtas. Tasa Básica a Contrib.- Vta.Cuenta Ajena",3,"IVA Vtas.T.Bás.a Cont.-Cta.Aj.","base.uy",
"tax_group_2181_553",2181,553,"IVA Vtas. Tasa Mínica a Contrib.- Vta.Cuenta Ajena",3,"IVA Vtas.T.Mín.a Cont.-Cta.Aj.","base.uy",
"tax_group_2181_601",2181,601,"Compras plaza - Proveedores con RUC ",3,"Compras plaza - Prov. con RUC ","base.uy",
"tax_group_2181_602",2181,602,"Ventas plaza - Clientes con RUC ",3,"Ventas plaza- Clientes con RUC","base.uy",
"tax_group_2181_603",2181,603,"Ventas de servicios plaza a contribuyentes de IRAE",3,"Vent. serv. plaza a cont. IRAE","base.uy",
"tax_group_2181_690",2181,690,"Venta por cuenta ajena - Tasa básica ",3,"Venta cta. ajena - Tasa básica","base.uy",
"tax_group_2181_691",2181,691,"Venta por cuenta ajena - Tasa mínima ",3,"Venta cta. ajena - Tasa mínima","base.uy",
"tax_group_2181_692",2181,692,"Venta por cuenta ajena - No gravada ",3,"Venta cta. ajena - No gravada ","base.uy",
"tax_group_2181_693",2181,693,"Venta por cuenta ajena - con IVA en suspenso ",3,"Venta cta. ajena -IVA suspenso","base.uy",
"tax_group_2181_694",2181,694,"Venta por cuenta ajena - con Impuesto percibido ",3,"Venta cta. ajena -Imp. percib.","base.uy",
"tax_group_2181_695",2181,695,"Venta por cuenta ajena - Asimilada a exportación ",3,"Venta cta. ajena-Asim. export.","base.uy",
"tax_group_2183_10",2183,10,"IVA ",2,"IVA ","base.uy",
"tax_group_2183_11",2183,11,"IVA-Banca de Cubierta Colectiva ",2,"IVA-Banca de Cub. Colectiva ","base.uy",
"tax_group_2183_21",2183,21,"IRIC-Regalias, Arrend.,Uso y Cesion Equipos ",2,"IRIC-Reg.Arrend.Uso y Cesion ","base.uy",
"tax_group_2183_22",2183,22,"IRIC-Remuneraciones de Servicios Tecnicos ",2,"IRIC-Remun. de Serv. Técn. ","base.uy",
"tax_group_2183_23",2183,23,"IRIC-Dividendos ",2,"IRIC-Dividendos ","base.uy",
"tax_group_2183_24",2183,24,"IRIC-Utilidades Personas del Exterior ",2,"IRIC-Util. Personas Exter. ","base.uy",
"tax_group_2183_25",2183,25,"IRIC-Derechos de Autor ",2,"IRIC-Derechos de Autor ","base.uy",
"tax_group_2183_30",2183,30,"Impuesto al Patrimonio ",2,"Impuesto al Patrimonio ","base.uy",
"tax_group_2183_31",2183,31,"Impuesto al Patrimonio - Conv. doble Impos. ",2,"Imp. al Patrimonio - CDI ","base.uy",
"tax_group_2183_51",2183,51,"IVA-Frigorificos y Mataderos ",2,"IVA-Frigorificos y Mataderos ","base.uy",
"tax_group_2183_52",2183,52,"IVA - I.NA.VI. ",2,"IVA - I.NA.VI. ","base.uy",
"tax_group_2183_60",2183,60,"IMESI ",2,"IMESI ","base.uy",
"tax_group_2183_80",2183,80,"Imp. Especifico Apuestas - Maq. elect. o automat. ",2,"Imp.Esp. Apuest. Maq. elec/aut","base.uy",
"tax_group_2183_110",2183,110,"IVA- Prestac. Serv. Salud (Art.8 Bis Dec. 220/98) ",3,"IVA-Prest.Servicios de Salud ","base.uy",
"tax_group_2183_111",2183,111,"IVA-Consultoria con el Estado(Art.7 Dto.220/98) ",3,"IVA-Consultoria con el Estado ","base.uy",
"tax_group_2183_112",2183,112,"IVA-Corredores de Seguros (Res.406/82) ",3,"IVA-Corredores de Seguros ","base.uy",
"tax_group_2183_113",2183,113,"IVA-Corredores de Bolsa (Res.10/83) ",3,"IVA-Corredores de Bolsa ","base.uy",
"tax_group_2183_114",2183,114,"IVA-Emp. Seguridad,Vig. y Limp.(D.194/00 y 528/03)",3,"IVA-Emp.Seg.,Vig. y Limpieza ","base.uy",
"tax_group_2183_115",2183,115,"IVA- Emp. Transportistas Profesionales de Carga ",3,"IVA-Emp.Transp.Prof.de Carga ","base.uy",
"tax_group_2183_116",2183,116,"IVA - Entidades Aseguradoras (Dto. 336/03) ",3,"IVA - Entidades Aseguradoras ","base.uy",
"tax_group_2183_117",2183,117,"IVA-Transporte Terrestre de Pasajeros(Dto.405/03) ",3,"IVA-Transp.Terrestre Pasajeros","base.uy",
"tax_group_2183_118",2183,118,"IVA - Compras del Estado (Dtos. 528/03 y 319/06) ",3,"IVA - Compras del Estado ","base.uy",
"tax_group_2183_119",2183,119,"IVA- Otras Retenciones ",3,"IVA- Otras Retenciones ","base.uy",
"tax_group_2183_121",2183,121,"IRAE - Emp. Seguridad, Vig. y Limpieza(Dto.194/00)",3,"IRAE-Emp. Seg.,Vig. y Limpieza","base.uy",
"tax_group_2183_122",2183,122,"IRAE- Emp. Contrat. Obras Púb. Viales (Dto.271/90)",3,"IRAE- Emp. Cont. Obras Pub. Vi","base.uy",
"tax_group_2183_123",2183,123,"IRAE - Otras Retenciones ",3,"IRAE - Otras Retenciones ","base.uy",
"tax_group_2183_124",2183,124,"IRAE - Instituciones Deportivas ",3,"IRAE -Instituciones Deportivas","base.uy",
"tax_group_2183_131",2183,131,"Impuesto al Patrimonio - Conv. Doble Impos. ",3,"Imp. al Patrimonio - CDI ","base.uy",
"tax_group_2183_141",2183,141,"Impuesto al Patrimonio ",3,"Impuesto al Patrimonio ","base.uy",
"tax_group_2183_161",2183,161,"Obligaciones Tributarias-Adm. de Cred. tasa 5% ",3,"Ob.Trib.-Adm.Credito tasa 5% ","base.uy",
"tax_group_2183_162",2183,162,"Obligaciones Tributarias-Adm. de Cred. tasa 2% ",3,"Ob.Trib.-Adm.Credito tasa 2% ","base.uy",
"tax_group_2183_163",2183,163,"Obligaciones Tributarias-Adm.de tarjetas Ley 17934",3,"Ob.Trib.-Adm.Credito L. 17934 ","base.uy",
"tax_group_2183_164",2183,164,"Obligaciones Tributarias de Terceros - ANTEL ",3,"Obig. Trib. de Terceros- ANTEL","base.uy",
"tax_group_2183_165",2183,165,"Obligaciones tributarias de terceros-Dto. 134/009 ",3,"OTT - Dto. 134/009 ","base.uy",
"tax_group_2183_166",2183,166,"Obligaciones Trib.- Adm. de tarjetas Dec. 288/012 ",3,"Ob.Trib.-Adm.Créd. Dec 288/012","base.uy",
"tax_group_2183_167",2183,167,"Oblig. Trib. Operaciones del Art. 1 Dec. 203/014 ",3,"Ob.Trib. Oper. Art.1 D.203/014","base.uy",
"tax_group_2183_168",2183,168,"Oblig. Trib. Operaciones del Art. 2 Dec. 203/014 ",3,"Ob.Trib. Oper. Art.2 D.203/014","base.uy",
"tax_group_2183_169",2183,169,"Oblig. Trib. Operaciones del Art. 3 Dec. 203/014 ",3,"Ob.Trib. Oper. Art.3 D.203/014","base.uy",
"tax_group_2183_171",2183,171,"OTT - APPS Transporte (Nº3º Res. 1810/2017) ",3,"OTT - APPS Transporte ","base.uy",
"tax_group_2183_211",2183,211,"IVA- Frig. y Matad. Carne Fresca(Art9 Dto.220/98) ",3,"IVA-Frig.y Matad. Carne Fresca","base.uy",
"tax_group_2183_212",2183,212,"IVA- Frig. y Mataderos Faena(Art.12 Dto.220/98) ",3,"IVA- Frig. y Mataderos Faena ","base.uy",
"tax_group_2183_213",2183,213,"IVA- Grasas y Lubricantes (Art.14 Dto.220/98) ",3,"IVA- Grasas y Lubricantes ","base.uy",
"tax_group_2183_214",2183,214,"IVA- Venta Directa (Art.16 Dto.220/98) ",3,"IVA- Venta Directa ","base.uy",
"tax_group_2183_215",2183,215,"IVA- Vehiculos Automotores (Art.20 Dto.220/98) ",3,"IVA- Vehiculos Automotores ","base.uy",
"tax_group_2183_216",2183,216,"IVA-I.NA.VI. ",3,"IVA-I.NA.VI. ","base.uy",
"tax_group_2183_217",2183,217,"IVA- Fab. e Import. Preformas P.E.T. y Envases ",3,"IVA-Fab.e Imp.Pref. PET y Env.","base.uy",
"tax_group_2183_218",2183,218,"IVA-Establecimientos de faena de aves (Dto.621/06)",3,"IVA-Estable. de faena de aves ","base.uy",
"tax_group_2183_219",2183,219,"IVA Gas oil ",3,"IVA Gas oil ","base.uy",
"tax_group_2183_220",2183,220,"IVA - Otras Percepciones ",3,"IVA - Otras Percepciones ","base.uy",
"tax_group_2183_221",2183,221,"IVA - Fuegos Artificiales (Res. 4.080/2013) ",3,"IVA - Fuegos Artificiales ","base.uy",
"tax_group_2183_228",2183,228,"IRAE-Establecimientos faena de aves (Dto.621/006) ",3,"IRAE - Establ. faena de aves ","base.uy",
"tax_group_2183_229",2183,229,"IRAE - Otras percepciones ",3,"IRAE - Otras percepciones ","base.uy",
"tax_group_2185_1",2185,1,"Trigo Propio-Existencia final (en ton.) ",2,"Trigo Propio-Existencia final ","base.uy",
"tax_group_2185_3",2185,3,"Trigo Propio-Entradas por Importaciones (en ton.) ",2,"Trigo Propio-Entr.por Import. ","base.uy",
"tax_group_2185_4",2185,4,"Trigo Propio-Salidas por Molienda (en ton.) ",2,"Trigo Propio-Salidas Molienda ","base.uy",
"tax_group_2185_5",2185,5,"Trigo Propio-Salidas por Exportaciones (en ton.) ",2,"Trigo Propio-Salidas Export. ","base.uy",
"tax_group_2185_6",2185,6,"Trigo Propio-Entradas de su Produccion (en ton.) ",2,"Trigo Propio-Entradas su Prod.","base.uy",
"tax_group_2185_10",2185,10,"Trigo de Terceros-Mermas y Otros Mov.(en ton) ",2,"Trigo Terc.-Mermas, otros Mov.","base.uy",
"tax_group_2185_11",2185,11,"Ventas Azucar con Destino No Industrial (en Kgs) ",2,"Ventas Azucar dest.no Ind (Kg)","base.uy",
"tax_group_2185_12",2185,12,"Ventas Alcoh.Carb. destino No elab. Naftas(en lts)",2,"Vta.Alc.Carb.dest.No elab(lts)","base.uy",
"tax_group_2185_16",2185,16,"Trigo Propio-Mermas y Otros Mov.(en ton) ",2,"Trigo Propio-Mermas, Otros Mov","base.uy",
"tax_group_2185_401",2185,401,"Trigo Propio-Entradas por Compras (en ton.) ",3,"Trigo Propio-Entrad. x Compras","base.uy",
"tax_group_2185_402",2185,402,"Trigo Propio-Salidas por Ventas (en ton.) ",3,"Trigo Propio-Salidas x Ventas ","base.uy",
"tax_group_2185_403",2185,403,"Trigo de Terceros-Entradas (en ton.) ",3,"Trigo Terceros-Entradas ","base.uy",
"tax_group_2185_404",2185,404,"Trigo de Terceros-Salidas Restantes (en ton.) ",3,"Trigo Terceros-Salidas Restan.","base.uy",
"tax_group_2185_405",2185,405,"Trigo de Terceros-Salidas por molienda (en ton.) ",3,"Trigo Terceros-Salida moliend.","base.uy",
"tax_group_2185_406",2185,406,"Vtas.Alcohol p/elab.beb.num.4,art.1 IMESI(en lts) ",3,"Ventas Alcohol p/elab.bebidas ","base.uy",
"tax_group_2185_407",2185,407,"Trigo de Terceros-Existencia Final (en ton.) ",3,"Trigo Terceros-Exist. Final ","base.uy",
"tax_group_2185_411",2185,411,"Ventas Azucar con Destino Industrial (en Kgs) ",3,"Ventas Azucar dest. Ind (Kg) ","base.uy",
"tax_group_2185_412",2185,412,"Ventas Alcohol Carb. dest. elaborar Naftas(en lts)",3,"Vta Alcoh.Carb.elab.Nafta(lts)","base.uy",
"tax_group_2185_451",2185,451,"Taxis Nafta Beneficio ley 19.168 (unidades) ",3,"Taxis Nafta-Beneficio L.19168 ","base.uy",
"tax_group_2185_452",2185,452,"Taxis Híbridos Beneficio ley 19.168 (unidades) ",3,"Taxis Híbridos-Benefio L.19168","base.uy",
"tax_group_2185_453",2185,453,"Permisario que no esta al dia con la Intendencia ",3,"Permisario que no esta al dia ","base.uy",
"tax_group_2185_455",2185,455,"APPS Transporte Prest. Habilitado- Res.1810/17,Nº3",3,"APPS Transporte Prest.Habilit.","base.uy",
"tax_group_2185_480",2185,480,"Cobranza de carteras morosas a usuarios de ZF ",3,"Cobranza cartera morosa a UZF ","base.uy",
"tax_group_2185_701",2185,701,"Ventas nafta 97 a estaciones de frontera (en lts.)",3,"Vtas nafta 97 a est front(lts)","base.uy",
"tax_group_2185_702",2185,702,"Ventas nafta 95 a estaciones de frontera (en lts.)",3,"Vtas nafta 95 a est front(lts)","base.uy",
"tax_group_2185_703",2185,703,"Ventas nafta 87 a estaciones de frontera (en lts.)",3,"Vtas nafta 87 a est front(lts)","base.uy",
"tax_group_2/183_871","2/183",871,"CONTROL DE IMPUESTO ",9,,"base.uy",
